name;metric;subset
Fluentd;3.1992913000000005;1Kx100chars
Fluentd;3.172347300000002;1Kx1000chars
Vector;3.1379722;1Kx100chars
Vector;3.153442499999997;1Kx1000chars
