name;metric;subset
Fluentd;2.2949655;1Kx100chars
Fluentd;1.2987561999999997;1Kx1000chars
Vector;1.316820799999995;1Kx100chars
Vector;1.3247842000000034;1Kx1000chars
